_id,DateTime,SPD(km/h),RPM(Rpm),ECT(°C),IAT(°C),MAF(g/s),MAP(Kpa),TPS(%),IAA(°),EL(%),FTL(%),GPS,Block id,Anomaly
66753714b9b047d0c3cc2fb9,2024-06-13T15:22:45.607Z,105,6131.75,-3,207,514.19,175,37.2552,27.5,20.39232,52.54901960784313,,,
66753715b9b047d0c3cc2fba,2024-06-13T15:22:45.630Z,105,6131.75,-3,207,514.19,175,37.2552,27.5,20.39232,52.54901960784313,,,
66753715b9b047d0c3cc2fbb,2024-06-13T15:22:45.653Z,105,6131.75,-3,207,514.19,175,37.2552,27.5,20.39232,52.54901960784313,,,
66753715b9b047d0c3cc2fbc,2024-06-13T15:22:45.678Z,105,6131.75,-3,207,514.19,175,37.2552,27.5,20.39232,52.54901960784313,,,
66753715b9b047d0c3cc2fbd,2024-06-13T15:22:45.700Z,105,6131.75,-3,207,514.19,175,37.2552,27.5,20.39232,52.54901960784313,,,
66753715b9b047d0c3cc2fbe,2024-06-13T15:22:45.722Z,105,6131.75,-3,207,514.19,175,37.2552,27.5,20.39232,52.54901960784313,,,
66753715b9b047d0c3cc2fbf,2024-06-13T15:22:45.745Z,105,6131.75,-3,207,514.19,175,37.2552,27.5,20.39232,52.54901960784313,,,
66753715b9b047d0c3cc2fc0,2024-06-13T15:22:45.769Z,105,6131.75,-3,207,514.19,175,37.2552,27.5,20.39232,52.54901960784313,,,
66753715b9b047d0c3cc2fc1,2024-06-13T15:22:45.792Z,105,6131.75,-3,207,514.19,175,37.2552,27.5,20.39232,52.54901960784313,,,
66753715b9b047d0c3cc2fc2,2024-06-13T15:22:45.815Z,105,6131.75,-3,207,514.19,175,37.2552,27.5,20.39232,52.54901960784313,,,
66753715b9b047d0c3cc2fc3,2024-06-13T15:22:45.840Z,105,6131.75,-3,207,514.19,175,37.2552,27.5,20.00016,52.54901960784313,,,
66753715b9b047d0c3cc2fc4,2024-06-13T15:22:45.863Z,104,6134.25,-3,207,514.51,175,37.64736,27.5,20.00016,52.54901960784313,,,
66753715b9b047d0c3cc2fc5,2024-06-13T15:22:45.887Z,104,6134.25,-3,207,514.51,175,37.64736,27.5,20.00016,52.54901960784313,,,
66753715b9b047d0c3cc2fc6,2024-06-13T15:22:45.909Z,104,6134.25,-3,207,514.51,175,37.64736,27.5,20.00016,52.54901960784313,,,
66753716b9b047d0c3cc2fc7,2024-06-13T15:22:45.932Z,104,6134.25,-3,207,514.51,175,37.64736,27.5,20.00016,52.54901960784313,,,
66753716b9b047d0c3cc2fc8,2024-06-13T15:22:45.955Z,104,6134.25,-3,207,514.51,175,37.64736,27.5,20.00016,52.54901960784313,,,
66753716b9b047d0c3cc2fc9,2024-06-13T15:22:45.978Z,104,6134.25,-3,207,514.51,175,37.64736,27.5,20.00016,52.54901960784313,,,
66753716b9b047d0c3cc2fca,2024-06-13T15:22:46.002Z,104,6134.25,-3,207,514.51,175,37.64736,27.5,20.00016,52.54901960784313,,,
66753716b9b047d0c3cc2fcb,2024-06-13T15:22:46.025Z,104,6134.25,-3,207,514.51,175,37.64736,27.5,20.00016,52.54901960784313,,,
66753716b9b047d0c3cc2fcc,2024-06-13T15:22:46.048Z,104,6134.25,-3,207,514.51,175,37.64736,27.5,20.00016,52.54901960784313,,,
66753716b9b047d0c3cc2fcd,2024-06-13T15:22:46.071Z,104,6134.25,-3,207,514.51,175,37.64736,27.5,20.00016,52.54901960784313,,,
66753716b9b047d0c3cc2fce,2024-06-13T15:22:46.094Z,104,6134.25,-3,207,514.51,175,37.64736,27.5,20.00016,52.54901960784313,,,
66753716b9b047d0c3cc2fcf,2024-06-13T15:22:46.118Z,104,6134.25,-3,207,514.51,175,37.64736,27.5,20.00016,52.54901960784313,,,
66753716b9b047d0c3cc2fd0,2024-06-13T15:22:46.141Z,104,6134.25,-3,207,514.51,175,37.64736,27.5,20.00016,52.54901960784313,,,
66753716b9b047d0c3cc2fd1,2024-06-13T15:22:46.164Z,104,6134.25,-3,207,514.51,175,37.64736,27.5,20.00016,52.54901960784313,,,
66753716b9b047d0c3cc2fd2,2024-06-13T15:22:46.188Z,104,6134.25,-3,207,514.51,175,37.64736,27.5,20.00016,52.54901960784313,,,
66753716b9b047d0c3cc2fd3,2024-06-13T15:22:46.211Z,104,6134.25,-3,207,514.51,176,37.64736,27.5,20.39232,52.54901960784313,,,
66753716b9b047d0c3cc2fd4,2024-06-13T15:22:46.235Z,148,6131.75,-3,207,514.19,176,37.64736,27.5,20.39232,52.54901960784313,,,
66753716b9b047d0c3cc2fd5,2024-06-13T15:22:46.260Z,148,6131.75,-3,207,514.19,176,37.64736,27.5,20.39232,52.54901960784313,,,
66753716b9b047d0c3cc2fd6,2024-06-13T15:22:46.286Z,148,6131.75,-3,207,514.19,176,37.64736,27.5,20.39232,52.54901960784313,,,
66753716b9b047d0c3cc2fd7,2024-06-13T15:22:46.312Z,148,6131.75,-3,207,514.19,176,37.64736,27.5,20.39232,52.54901960784313,,,
66753716b9b047d0c3cc2fd8,2024-06-13T15:22:46.338Z,148,6131.75,-3,207,514.19,176,37.64736,27.5,20.39232,52.54901960784313,,,
66753716b9b047d0c3cc2fd9,2024-06-13T15:22:46.362Z,148,6131.75,-3,207,514.19,176,37.64736,27.5,20.39232,52.54901960784313,,,
66753717b9b047d0c3cc2fda,2024-06-13T15:22:46.386Z,148,6131.75,-3,207,514.19,176,37.64736,27.5,20.39232,52.54901960784313,,,
66753717b9b047d0c3cc2fdb,2024-06-13T15:22:46.409Z,148,6131.75,-3,207,514.19,176,37.64736,27.5,20.39232,52.54901960784313,,,
66753717b9b047d0c3cc2fdc,2024-06-13T15:22:46.433Z,148,6131.75,-3,207,514.19,176,37.64736,27.5,20.39232,52.54901960784313,,,
66753717b9b047d0c3cc2fdd,2024-06-13T15:22:46.456Z,148,6131.75,-3,207,514.19,176,37.64736,27.5,20.39232,52.54901960784313,,,
66753717b9b047d0c3cc2fde,2024-06-13T15:22:46.480Z,148,6131.75,-3,207,514.19,176,37.64736,27.5,20.39232,52.54901960784313,,,
66753717b9b047d0c3cc2fdf,2024-06-13T15:22:46.503Z,148,6131.75,-3,207,514.19,176,37.64736,27.5,20.39232,52.54901960784313,,,
66753717b9b047d0c3cc2fe0,2024-06-13T15:22:46.526Z,148,6131.75,-3,207,514.19,176,37.64736,27.5,20.39232,52.54901960784313,,,
66753717b9b047d0c3cc2fe1,2024-06-13T15:22:46.549Z,148,6131.75,-3,207,514.19,176,37.64736,27.5,20.39232,52.54901960784313,,,
66753717b9b047d0c3cc2fe2,2024-06-13T15:22:46.573Z,148,6131.75,-3,207,514.19,175,37.64736,27.5,20.39232,52.54901960784313,,,
66753717b9b047d0c3cc2fe3,2024-06-13T15:22:46.596Z,196,6131.75,-3,207,514.51,175,37.64736,27.5,20.39232,52.54901960784313,,,
66753717b9b047d0c3cc2fe4,2024-06-13T15:22:46.620Z,196,6131.75,-3,207,514.51,175,37.64736,27.5,20.39232,52.54901960784313,,,
66753717b9b047d0c3cc2fe5,2024-06-13T15:22:46.643Z,196,6131.75,-3,207,514.51,175,37.64736,27.5,20.39232,52.54901960784313,,,
66753717b9b047d0c3cc2fe6,2024-06-13T15:22:46.666Z,196,6131.75,-3,207,514.51,175,37.64736,27.5,20.39232,52.54901960784313,,,
66753717b9b047d0c3cc2fe7,2024-06-13T15:22:46.691Z,196,6131.75,-3,207,514.51,175,37.64736,27.5,20.39232,52.54901960784313,,,
66753717b9b047d0c3cc2fe8,2024-06-13T15:22:46.715Z,196,6131.75,-3,207,514.51,175,37.64736,27.5,20.39232,52.54901960784313,,,
66753717b9b047d0c3cc2fe9,2024-06-13T15:22:46.738Z,196,6131.75,-3,207,514.51,175,37.64736,27.5,20.39232,52.54901960784313,,,
66753717b9b047d0c3cc2fea,2024-06-13T15:22:46.762Z,196,6131.75,-3,207,514.51,175,37.64736,27.5,20.39232,52.54901960784313,,,
66753717b9b047d0c3cc2feb,2024-06-13T15:22:46.785Z,196,6131.75,-3,207,514.51,175,37.64736,27.5,20.39232,52.54901960784313,,,
66753717b9b047d0c3cc2fec,2024-06-13T15:22:46.808Z,196,6131.75,-3,207,514.51,175,37.64736,27.5,20.39232,52.54901960784313,,,
66753717b9b047d0c3cc2fed,2024-06-13T15:22:46.832Z,196,6131.75,-3,207,514.51,175,37.64736,27.5,20.39232,52.54901960784313,,,
66753718b9b047d0c3cc2fee,2024-06-13T15:22:46.854Z,196,6131.75,-3,207,514.51,175,37.64736,27.5,20.39232,52.54901960784313,,,
66753718b9b047d0c3cc2fef,2024-06-13T15:22:46.877Z,196,6131.75,-3,207,514.51,175,37.64736,27.5,20.39232,52.54901960784313,,,
66753718b9b047d0c3cc2ff0,2024-06-13T15:22:46.901Z,196,6131.75,-3,207,514.51,175,37.64736,27.5,20.39232,52.54901960784313,,,
66753718b9b047d0c3cc2ff1,2024-06-13T15:22:46.924Z,196,6131.75,-3,207,514.51,175,37.64736,27.5,20.39232,52.54901960784313,,,
66753718b9b047d0c3cc2ff2,2024-06-13T15:22:46.947Z,196,6126.75,-3,207,514.51,175,37.2552,27.5,20.00016,52.54901960784313,,,
66753718b9b047d0c3cc2ff3,2024-06-13T15:22:46.970Z,149,6126.75,-3,207,514.51,175,37.2552,27.5,20.00016,52.54901960784313,,,
66753718b9b047d0c3cc2ff4,2024-06-13T15:22:46.993Z,149,6126.75,-3,207,514.51,175,37.2552,27.5,20.00016,52.54901960784313,,,
66753718b9b047d0c3cc2ff5,2024-06-13T15:22:47.015Z,149,6126.75,-3,207,514.51,175,37.2552,27.5,20.00016,52.54901960784313,,,
66753718b9b047d0c3cc2ff6,2024-06-13T15:22:47.040Z,149,6126.75,-3,207,514.51,175,37.2552,27.5,20.00016,52.54901960784313,,,
66753718b9b047d0c3cc2ff7,2024-06-13T15:22:47.064Z,149,6126.75,-3,207,514.51,175,37.2552,27.5,20.00016,52.54901960784313,,,
66753718b9b047d0c3cc2ff8,2024-06-13T15:22:47.087Z,149,6126.75,-3,207,514.51,175,37.2552,27.5,20.00016,52.54901960784313,,,
66753718b9b047d0c3cc2ff9,2024-06-13T15:22:47.110Z,149,6126.75,-3,207,514.51,175,37.2552,27.5,20.00016,52.54901960784313,,,
66753718b9b047d0c3cc2ffa,2024-06-13T15:22:47.133Z,149,6126.75,-3,207,514.51,175,37.2552,27.5,20.00016,52.54901960784313,,,
66753718b9b047d0c3cc2ffb,2024-06-13T15:22:47.156Z,149,6126.75,-3,207,514.51,175,37.2552,27.5,20.00016,52.54901960784313,,,
66753718b9b047d0c3cc2ffc,2024-06-13T15:22:47.179Z,149,6126.75,-3,207,514.51,175,37.2552,27.5,20.00016,52.54901960784313,,,
66753718b9b047d0c3cc2ffd,2024-06-13T15:22:47.204Z,149,6126.75,-3,207,514.51,175,37.2552,27.5,20.00016,52.54901960784313,,,
66753718b9b047d0c3cc2ffe,2024-06-13T15:22:47.227Z,149,6126.75,-3,207,514.51,175,37.2552,27.5,20.00016,52.54901960784313,,,
66753718b9b047d0c3cc2fff,2024-06-13T15:22:47.250Z,149,6126.75,-3,207,514.51,175,37.2552,27.5,20.00016,52.54901960784313,,,
66753718b9b047d0c3cc3000,2024-06-13T15:22:47.275Z,149,6126.75,-3,207,514.51,175,37.2552,27.5,20.00016,52.54901960784313,,,
66753719b9b047d0c3cc3001,2024-06-13T15:22:47.313Z,149,6126.75,-3,207,514.51,175,37.64736,27.5,20.39232,52.54901960784313,,,
66753719b9b047d0c3cc3002,2024-06-13T15:22:47.341Z,92,6131.75,-3,207,514.19,176,37.64736,27.5,20.39232,52.54901960784313,,,
66753719b9b047d0c3cc3003,2024-06-13T15:22:47.365Z,92,6131.75,-3,207,514.19,176,37.64736,27.5,20.39232,52.54901960784313,,,
66753719b9b047d0c3cc3004,2024-06-13T15:22:47.390Z,92,6131.75,-3,207,514.19,176,37.64736,27.5,20.39232,52.54901960784313,,,
66753719b9b047d0c3cc3005,2024-06-13T15:22:47.413Z,92,6131.75,-3,207,514.19,176,37.64736,27.5,20.39232,52.54901960784313,,,
66753719b9b047d0c3cc3006,2024-06-13T15:22:47.437Z,92,6131.75,-3,207,514.19,176,37.64736,27.5,20.39232,52.54901960784313,,,
66753719b9b047d0c3cc3007,2024-06-13T15:22:47.460Z,92,6131.75,-3,207,514.19,176,37.64736,27.5,20.39232,52.54901960784313,,,
66753719b9b047d0c3cc3008,2024-06-13T15:22:47.483Z,92,6131.75,-3,207,514.19,176,37.64736,27.5,20.39232,52.54901960784313,,,
66753719b9b047d0c3cc3009,2024-06-13T15:22:47.506Z,92,6131.75,-3,207,514.19,176,37.64736,27.5,20.39232,52.54901960784313,,,
66753719b9b047d0c3cc300a,2024-06-13T15:22:47.529Z,92,6131.75,-3,207,514.19,176,37.64736,27.5,20.39232,52.54901960784313,,,
66753719b9b047d0c3cc300b,2024-06-13T15:22:47.553Z,92,6131.75,-3,207,514.19,176,37.64736,27.5,20.39232,52.54901960784313,,,
66753719b9b047d0c3cc300c,2024-06-13T15:22:47.577Z,92,6131.75,-3,207,514.19,176,37.64736,27.5,20.39232,52.54901960784313,,,
66753719b9b047d0c3cc300d,2024-06-13T15:22:47.600Z,92,6131.75,-3,207,514.19,176,37.64736,27.5,20.39232,52.54901960784313,,,
66753719b9b047d0c3cc300e,2024-06-13T15:22:47.624Z,92,6131.75,-3,207,514.19,176,37.64736,27.5,20.39232,52.54901960784313,,,
66753719b9b047d0c3cc300f,2024-06-13T15:22:47.650Z,92,6131.75,-3,207,514.19,176,37.64736,27.5,20.39232,52.54901960784313,,,
66753719b9b047d0c3cc3010,2024-06-13T15:22:47.678Z,105,6131.75,-3,207,514.83,175,37.64736,27.5,20.00016,52.54901960784313,,,
66753719b9b047d0c3cc3011,2024-06-13T15:22:47.706Z,105,6131.75,-3,207,514.83,175,37.64736,27.5,20.00016,52.54901960784313,,,
66753719b9b047d0c3cc3012,2024-06-13T15:22:47.735Z,105,6131.75,-3,207,514.83,175,37.64736,27.5,20.00016,52.54901960784313,,,
66753719b9b047d0c3cc3013,2024-06-13T15:22:47.757Z,105,6131.75,-3,207,514.83,175,37.64736,27.5,20.00016,52.54901960784313,,,
66753719b9b047d0c3cc3014,2024-06-13T15:22:47.780Z,105,6131.75,-3,207,514.83,175,37.64736,27.5,20.00016,52.54901960784313,,,
6675371ab9b047d0c3cc3015,2024-06-13T15:22:47.803Z,105,6131.75,-3,207,514.83,175,37.64736,27.5,20.00016,52.54901960784313,,,
6675371ab9b047d0c3cc3016,2024-06-13T15:22:47.827Z,105,6131.75,-3,207,514.83,175,37.64736,27.5,20.00016,52.54901960784313,,,
6675371ab9b047d0c3cc3017,2024-06-13T15:22:47.850Z,105,6131.75,-3,207,514.83,175,37.64736,27.5,20.00016,52.54901960784313,,,
6675371ab9b047d0c3cc3018,2024-06-13T15:22:47.873Z,105,6131.75,-3,207,514.83,175,37.64736,27.5,20.00016,52.54901960784313,,,
6675371ab9b047d0c3cc3019,2024-06-13T15:22:47.897Z,105,6131.75,-3,207,514.83,175,37.64736,27.5,20.00016,52.54901960784313,,,
6675371ab9b047d0c3cc301a,2024-06-13T15:22:47.920Z,105,6131.75,-3,207,514.83,175,37.64736,27.5,20.00016,52.54901960784313,,,
6675371ab9b047d0c3cc301b,2024-06-13T15:22:47.958Z,105,6131.75,-3,207,514.83,175,37.64736,27.5,20.00016,52.54901960784313,,,
6675371ab9b047d0c3cc301c,2024-06-13T15:22:47.981Z,105,6131.75,-3,207,514.83,175,37.64736,27.5,20.00016,52.54901960784313,,,
6675371ab9b047d0c3cc301d,2024-06-13T15:22:48.004Z,105,6131.75,-3,207,514.83,175,37.64736,27.5,20.00016,52.54901960784313,,,
6675371ab9b047d0c3cc301e,2024-06-13T15:22:48.027Z,105,6131.75,-3,207,514.51,175,37.64736,27.5,20.39232,52.54901960784313,,,
6675371ab9b047d0c3cc301f,2024-06-13T15:22:48.049Z,207,6129.25,-3,207,514.51,175,37.64736,27.5,20.39232,52.54901960784313,,,
6675371ab9b047d0c3cc3020,2024-06-13T15:22:48.072Z,207,6129.25,-3,207,514.51,175,37.64736,27.5,20.39232,52.54901960784313,,,
6675371ab9b047d0c3cc3021,2024-06-13T15:22:48.095Z,207,6129.25,-3,207,514.51,175,37.64736,27.5,20.39232,52.54901960784313,,,
6675371ab9b047d0c3cc3022,2024-06-13T15:22:48.118Z,207,6129.25,-3,207,514.51,175,37.64736,27.5,20.39232,52.54901960784313,,,
6675371ab9b047d0c3cc3023,2024-06-13T15:22:48.140Z,207,6129.25,-3,207,514.51,175,37.64736,27.5,20.39232,52.54901960784313,,,
6675371ab9b047d0c3cc3024,2024-06-13T15:22:48.163Z,207,6129.25,-3,207,514.51,175,37.64736,27.5,20.39232,52.54901960784313,,,
6675371ab9b047d0c3cc3025,2024-06-13T15:22:48.185Z,207,6129.25,-3,207,514.51,175,37.64736,27.5,20.39232,52.54901960784313,,,
6675371ab9b047d0c3cc3026,2024-06-13T15:22:48.208Z,207,6129.25,-3,207,514.51,175,37.64736,27.5,20.39232,52.54901960784313,,,
6675371ab9b047d0c3cc3027,2024-06-13T15:22:48.231Z,207,6129.25,-3,207,514.51,175,37.64736,27.5,20.39232,52.54901960784313,,,
6675371ab9b047d0c3cc3028,2024-06-13T15:22:48.253Z,207,6129.25,-3,207,514.51,175,37.64736,27.5,20.39232,52.54901960784313,,,
6675371bb9b047d0c3cc3029,2024-06-13T15:22:48.276Z,207,6129.25,-3,207,514.51,175,37.64736,27.5,20.39232,52.54901960784313,,,
6675371bb9b047d0c3cc302a,2024-06-13T15:22:48.298Z,207,6129.25,-3,207,514.51,175,37.64736,27.5,20.39232,52.54901960784313,,,
6675371bb9b047d0c3cc302b,2024-06-13T15:22:48.321Z,207,6129.25,-3,207,514.51,175,37.64736,27.5,20.39232,52.54901960784313,,,
6675371bb9b047d0c3cc302c,2024-06-13T15:22:48.343Z,207,6129.25,-3,207,514.51,175,37.64736,27.5,20.39232,52.54901960784313,,,
6675371bb9b047d0c3cc302d,2024-06-13T15:22:48.367Z,207,6129.25,-3,207,514.51,175,37.64736,27.5,20.39232,52.54901960784313,,,
6675371bb9b047d0c3cc302e,2024-06-13T15:22:48.390Z,207,6129.25,-3,207,514.51,175,37.64736,27.5,20.39232,52.54901960784313,,,
6675371bb9b047d0c3cc302f,2024-06-13T15:22:48.413Z,116,6129.25,-3,207,515.3100000000001,175,37.64736,27.5,20.39232,52.54901960784313,,,
6675371bb9b047d0c3cc3030,2024-06-13T15:22:48.435Z,116,6129.25,-3,207,515.3100000000001,175,37.64736,27.5,20.39232,52.54901960784313,,,
6675371bb9b047d0c3cc3031,2024-06-13T15:22:48.458Z,116,6129.25,-3,207,515.3100000000001,175,37.64736,27.5,20.39232,52.54901960784313,,,
6675371bb9b047d0c3cc3032,2024-06-13T15:22:48.482Z,116,6129.25,-3,207,515.3100000000001,175,37.64736,27.5,20.39232,52.54901960784313,,,
6675371bb9b047d0c3cc3033,2024-06-13T15:22:48.505Z,116,6129.25,-3,207,515.3100000000001,175,37.64736,27.5,20.39232,52.54901960784313,,,
6675371bb9b047d0c3cc3034,2024-06-13T15:22:48.527Z,116,6129.25,-3,207,515.3100000000001,175,37.64736,27.5,20.39232,52.54901960784313,,,
6675371bb9b047d0c3cc3035,2024-06-13T15:22:48.551Z,116,6129.25,-3,207,515.3100000000001,175,37.64736,27.5,20.39232,52.54901960784313,,,
6675371bb9b047d0c3cc3036,2024-06-13T15:22:48.574Z,116,6129.25,-3,207,515.3100000000001,175,37.64736,27.5,20.39232,52.54901960784313,,,
6675371bb9b047d0c3cc3037,2024-06-13T15:22:48.599Z,116,6129.25,-3,207,515.3100000000001,175,37.64736,27.5,20.39232,52.54901960784313,,,
6675371bb9b047d0c3cc3038,2024-06-13T15:22:48.622Z,116,6129.25,-3,207,515.3100000000001,175,37.64736,27.5,20.39232,52.54901960784313,,,
6675371bb9b047d0c3cc3039,2024-06-13T15:22:48.645Z,116,6129.25,-3,207,515.3100000000001,175,37.64736,27.5,20.39232,52.54901960784313,,,
6675371bb9b047d0c3cc303a,2024-06-13T15:22:48.670Z,116,6129.25,-3,207,515.3100000000001,175,37.64736,27.5,20.39232,52.54901960784313,,,
6675371bb9b047d0c3cc303b,2024-06-13T15:22:48.694Z,116,6129.25,-3,207,515.3100000000001,175,37.64736,27.5,20.39232,52.54901960784313,,,
6675371bb9b047d0c3cc303c,2024-06-13T15:22:48.718Z,116,6129.25,-3,207,515.3100000000001,175,37.64736,27.5,20.39232,52.54901960784313,,,
6675371cb9b047d0c3cc303d,2024-06-13T15:22:48.742Z,116,6129.25,-3,207,515.3100000000001,175,37.64736,27.5,20.39232,52.54901960784313,,,
6675371cb9b047d0c3cc303e,2024-06-13T15:22:48.768Z,46,6129.25,-3,207,514.83,175,37.64736,27.5,20.39232,52.54901960784313,,,
6675371cb9b047d0c3cc303f,2024-06-13T15:22:48.793Z,46,6129.25,-3,207,514.83,175,37.64736,27.5,20.39232,52.54901960784313,,,
6675371cb9b047d0c3cc3040,2024-06-13T15:22:48.816Z,46,6129.25,-3,207,514.83,175,37.64736,27.5,20.39232,52.54901960784313,,,
6675371cb9b047d0c3cc3041,2024-06-13T15:22:48.838Z,46,6129.25,-3,207,514.83,175,37.64736,27.5,20.39232,52.54901960784313,,,
6675371cb9b047d0c3cc3042,2024-06-13T15:22:48.861Z,46,6129.25,-3,207,514.83,175,37.64736,27.5,20.39232,52.54901960784313,,,
6675371cb9b047d0c3cc3043,2024-06-13T15:22:48.884Z,46,6129.25,-3,207,514.83,175,37.64736,27.5,20.39232,52.54901960784313,,,
6675371cb9b047d0c3cc3044,2024-06-13T15:22:48.908Z,46,6129.25,-3,207,514.83,175,37.64736,27.5,20.39232,52.54901960784313,,,
6675371cb9b047d0c3cc3045,2024-06-13T15:22:48.931Z,46,6129.25,-3,207,514.83,175,37.64736,27.5,20.39232,52.54901960784313,,,
6675371cb9b047d0c3cc3046,2024-06-13T15:22:48.955Z,46,6129.25,-3,207,514.83,175,37.64736,27.5,20.39232,52.54901960784313,,,
6675371cb9b047d0c3cc3047,2024-06-13T15:22:48.978Z,46,6129.25,-3,207,514.83,175,37.64736,27.5,20.39232,52.54901960784313,,,
6675371cb9b047d0c3cc3048,2024-06-13T15:22:49.001Z,46,6129.25,-3,207,514.83,175,37.64736,27.5,20.39232,52.54901960784313,,,
6675371cb9b047d0c3cc3049,2024-06-13T15:22:49.024Z,46,6129.25,-3,207,514.83,175,37.64736,27.5,20.39232,52.54901960784313,,,
6675371cb9b047d0c3cc304a,2024-06-13T15:22:49.049Z,46,6129.25,-3,207,514.83,175,37.64736,27.5,20.39232,52.54901960784313,,,
6675371cb9b047d0c3cc304b,2024-06-13T15:22:49.071Z,46,6129.25,-3,207,514.83,175,37.64736,27.5,20.39232,52.54901960784313,,,
6675371cb9b047d0c3cc304c,2024-06-13T15:22:49.095Z,46,6129.25,-3,207,514.83,175,37.64736,27.5,20.39232,52.54901960784313,,,
6675371cb9b047d0c3cc304d,2024-06-13T15:22:49.118Z,46,6129.25,-3,207,514.67,175,37.64736,27.5,20.39232,52.54901960784313,,,
6675371cb9b047d0c3cc304e,2024-06-13T15:22:49.142Z,153,6139,-3,207,514.67,175,37.64736,27.5,20.39232,52.54901960784313,,,
6675371cb9b047d0c3cc304f,2024-06-13T15:22:49.164Z,153,6139,-3,207,514.67,175,37.64736,27.5,20.39232,52.54901960784313,,,
6675371cb9b047d0c3cc3050,2024-06-13T15:22:49.188Z,153,6139,-3,207,514.67,175,37.64736,27.5,20.39232,52.54901960784313,,,
6675371db9b047d0c3cc3051,2024-06-13T15:22:49.211Z,153,6139,-3,207,514.67,175,37.64736,27.5,20.39232,52.54901960784313,,,
6675371db9b047d0c3cc3052,2024-06-13T15:22:49.233Z,153,6139,-3,207,514.67,175,37.64736,27.5,20.39232,52.54901960784313,,,
6675371db9b047d0c3cc3053,2024-06-13T15:22:49.256Z,153,6139,-3,207,514.67,175,37.64736,27.5,20.39232,52.54901960784313,,,
6675371db9b047d0c3cc3054,2024-06-13T15:22:49.279Z,153,6139,-3,207,514.67,175,37.64736,27.5,20.39232,52.54901960784313,,,
6675371db9b047d0c3cc3055,2024-06-13T15:22:49.302Z,153,6139,-3,207,514.67,175,37.64736,27.5,20.39232,52.54901960784313,,,
6675371db9b047d0c3cc3056,2024-06-13T15:22:49.325Z,153,6139,-3,207,514.67,175,37.64736,27.5,20.39232,52.54901960784313,,,
6675371db9b047d0c3cc3057,2024-06-13T15:22:49.348Z,153,6139,-3,207,514.67,175,37.64736,27.5,20.39232,52.54901960784313,,,
6675371db9b047d0c3cc3058,2024-06-13T15:22:49.373Z,153,6139,-3,207,514.67,175,37.64736,27.5,20.39232,52.54901960784313,,,
6675371db9b047d0c3cc3059,2024-06-13T15:22:49.397Z,153,6139,-3,207,514.67,175,37.64736,27.5,20.39232,52.54901960784313,,,
6675371db9b047d0c3cc305a,2024-06-13T15:22:49.421Z,153,6139,-3,207,514.67,175,37.64736,27.5,20.39232,52.54901960784313,,,
6675371db9b047d0c3cc305b,2024-06-13T15:22:49.445Z,153,6139,-3,207,514.67,175,37.64736,27.5,20.39232,52.54901960784313,,,
6675371db9b047d0c3cc305c,2024-06-13T15:22:49.467Z,153,6139,-3,207,514.67,175,37.64736,27.5,20.39232,52.54901960784313,,,
6675371db9b047d0c3cc305d,2024-06-13T15:22:49.490Z,153,6134.25,-3,207,514.35,175,37.64736,27.5,20.39232,52.54901960784313,,,
6675371db9b047d0c3cc305e,2024-06-13T15:22:49.513Z,181,6134.25,-3,207,514.35,175,37.64736,27.5,20.39232,52.54901960784313,,,
6675371db9b047d0c3cc305f,2024-06-13T15:22:49.536Z,181,6134.25,-3,207,514.35,175,37.64736,27.5,20.39232,52.54901960784313,,,
6675371db9b047d0c3cc3060,2024-06-13T15:22:49.559Z,181,6134.25,-3,207,514.35,175,37.64736,27.5,20.39232,52.54901960784313,,,
6675371db9b047d0c3cc3061,2024-06-13T15:22:49.581Z,181,6134.25,-3,207,514.35,175,37.64736,27.5,20.39232,52.54901960784313,,,
6675371db9b047d0c3cc3062,2024-06-13T15:22:49.604Z,181,6134.25,-3,207,514.35,175,37.64736,27.5,20.39232,52.54901960784313,,,
6675371db9b047d0c3cc3063,2024-06-13T15:22:49.627Z,181,6134.25,-3,207,514.35,175,37.64736,27.5,20.39232,52.54901960784313,,,
6675371db9b047d0c3cc3064,2024-06-13T15:22:49.650Z,181,6134.25,-3,207,514.35,175,37.64736,27.5,20.39232,52.54901960784313,,,
6675371eb9b047d0c3cc3065,2024-06-13T15:22:49.675Z,181,6134.25,-3,207,514.35,175,37.64736,27.5,20.39232,52.54901960784313,,,
6675371eb9b047d0c3cc3066,2024-06-13T15:22:49.698Z,181,6134.25,-3,207,514.35,175,37.64736,27.5,20.39232,52.54901960784313,,,
6675371eb9b047d0c3cc3067,2024-06-13T15:22:49.721Z,181,6134.25,-3,207,514.35,175,37.64736,27.5,20.39232,52.54901960784313,,,
6675371eb9b047d0c3cc3068,2024-06-13T15:22:49.744Z,181,6134.25,-3,207,514.35,175,37.64736,27.5,20.39232,52.54901960784313,,,
6675371eb9b047d0c3cc3069,2024-06-13T15:22:49.767Z,181,6134.25,-3,207,514.35,175,37.64736,27.5,20.39232,52.54901960784313,,,
6675371eb9b047d0c3cc306a,2024-06-13T15:22:49.790Z,181,6134.25,-3,207,514.35,175,37.64736,27.5,20.39232,52.54901960784313,,,
6675371eb9b047d0c3cc306b,2024-06-13T15:22:49.814Z,181,6134.25,-3,207,514.35,175,37.64736,27.5,20.39232,52.54901960784313,,,
6675371eb9b047d0c3cc306c,2024-06-13T15:22:49.836Z,181,6134.25,-3,207,514.35,175,37.64736,27.5,20.39232,52.54901960784313,,,
6675371eb9b047d0c3cc306d,2024-06-13T15:22:49.860Z,81,6126.75,-3,207,514.03,175,37.64736,27.5,20.00016,52.54901960784313,,,
6675371eb9b047d0c3cc306e,2024-06-13T15:22:49.882Z,81,6126.75,-3,207,514.03,175,37.64736,27.5,20.00016,52.54901960784313,,,
6675371eb9b047d0c3cc306f,2024-06-13T15:22:49.905Z,81,6126.75,-3,207,514.03,175,37.64736,27.5,20.00016,52.54901960784313,,,
6675371eb9b047d0c3cc3070,2024-06-13T15:22:49.928Z,81,6126.75,-3,207,514.03,175,37.64736,27.5,20.00016,52.54901960784313,,,
6675371eb9b047d0c3cc3071,2024-06-13T15:22:49.952Z,81,6126.75,-3,207,514.03,175,37.64736,27.5,20.00016,52.54901960784313,,,
6675371eb9b047d0c3cc3072,2024-06-13T15:22:49.975Z,81,6126.75,-3,207,514.03,175,37.64736,27.5,20.00016,52.54901960784313,,,
6675371eb9b047d0c3cc3073,2024-06-13T15:22:49.997Z,81,6126.75,-3,207,514.03,175,37.64736,27.5,20.00016,52.54901960784313,,,
6675371eb9b047d0c3cc3074,2024-06-13T15:22:50.021Z,81,6126.75,-3,207,514.03,175,37.64736,27.5,20.00016,52.54901960784313,,,
6675371eb9b047d0c3cc3075,2024-06-13T15:22:50.043Z,81,6126.75,-3,207,514.03,175,37.64736,27.5,20.00016,52.54901960784313,,,
6675371eb9b047d0c3cc3076,2024-06-13T15:22:50.067Z,81,6126.75,-3,207,514.03,175,37.64736,27.5,20.00016,52.54901960784313,,,
6675371eb9b047d0c3cc3077,2024-06-13T15:22:50.090Z,81,6126.75,-3,207,514.03,175,37.64736,27.5,20.00016,52.54901960784313,,,
6675371fb9b047d0c3cc3078,2024-06-13T15:22:50.114Z,81,6126.75,-3,207,514.03,175,37.64736,27.5,20.00016,52.54901960784313,,,
6675371fb9b047d0c3cc3079,2024-06-13T15:22:50.137Z,81,6126.75,-3,207,514.03,175,37.64736,27.5,20.00016,52.54901960784313,,,
6675371fb9b047d0c3cc307a,2024-06-13T15:22:50.160Z,81,6126.75,-3,207,514.03,175,37.64736,27.5,20.00016,52.54901960784313,,,
6675371fb9b047d0c3cc307b,2024-06-13T15:22:50.183Z,81,6126.75,-3,207,514.03,175,37.64736,27.5,20.00016,52.54901960784313,,,
6675371fb9b047d0c3cc307c,2024-06-13T15:22:50.206Z,81,6126.75,-3,207,514.03,175,37.64736,27.5,20.00016,52.54901960784313,,,
6675371fb9b047d0c3cc307d,2024-06-13T15:22:50.228Z,126,6131.75,-3,207,514.83,175,37.64736,27.5,20.00016,52.54901960784313,,,
6675371fb9b047d0c3cc307e,2024-06-13T15:22:50.254Z,126,6131.75,-3,207,514.83,175,37.64736,27.5,20.00016,52.54901960784313,,,
6675371fb9b047d0c3cc307f,2024-06-13T15:22:50.278Z,126,6131.75,-3,207,514.83,175,37.64736,27.5,20.00016,52.54901960784313,,,
6675371fb9b047d0c3cc3080,2024-06-13T15:22:50.302Z,126,6131.75,-3,207,514.83,175,37.64736,27.5,20.00016,52.54901960784313,,,
6675371fb9b047d0c3cc3081,2024-06-13T15:22:50.325Z,126,6131.75,-3,207,514.83,175,37.64736,27.5,20.00016,52.54901960784313,,,
6675371fb9b047d0c3cc3082,2024-06-13T15:22:50.348Z,126,6131.75,-3,207,514.83,175,37.64736,27.5,20.00016,52.54901960784313,,,
6675371fb9b047d0c3cc3083,2024-06-13T15:22:50.371Z,126,6131.75,-3,207,514.83,175,37.64736,27.5,20.00016,52.54901960784313,,,
6675371fb9b047d0c3cc3084,2024-06-13T15:22:50.395Z,126,6131.75,-3,207,514.83,175,37.64736,27.5,20.00016,52.54901960784313,,,
6675371fb9b047d0c3cc3085,2024-06-13T15:22:50.419Z,126,6131.75,-3,207,514.83,175,37.64736,27.5,20.00016,52.54901960784313,,,
6675371fb9b047d0c3cc3086,2024-06-13T15:22:50.441Z,126,6131.75,-3,207,514.83,175,37.64736,27.5,20.00016,52.54901960784313,,,
6675371fb9b047d0c3cc3087,2024-06-13T15:22:50.466Z,126,6131.75,-3,207,514.83,175,37.64736,27.5,20.00016,52.54901960784313,,,
6675371fb9b047d0c3cc3088,2024-06-13T15:22:50.492Z,126,6131.75,-3,207,514.83,175,37.64736,27.5,20.00016,52.54901960784313,,,
66753720b9b047d0c3cc3089,2024-06-13T15:22:50.517Z,126,6131.75,-3,207,514.83,175,37.64736,27.5,20.00016,52.54901960784313,,,
66753720b9b047d0c3cc308a,2024-06-13T15:22:50.541Z,126,6131.75,-3,207,514.83,175,37.64736,27.5,20.00016,52.54901960784313,,,
66753720b9b047d0c3cc308b,2024-06-13T15:22:50.564Z,126,6131.75,-3,207,514.83,175,37.64736,27.5,20.00016,52.54901960784313,,,
66753720b9b047d0c3cc308c,2024-06-13T15:22:50.589Z,219,6131.75,-3,207,514.19,175,37.64736,27.5,20.39232,52.54901960784313,,,
66753720b9b047d0c3cc308d,2024-06-13T15:22:50.612Z,219,6131.75,-3,207,514.19,175,37.64736,27.5,20.39232,52.54901960784313,,,
66753720b9b047d0c3cc308e,2024-06-13T15:22:50.635Z,219,6131.75,-3,207,514.19,175,37.64736,27.5,20.39232,52.54901960784313,,,
66753720b9b047d0c3cc308f,2024-06-13T15:22:50.659Z,219,6131.75,-3,207,514.19,175,37.64736,27.5,20.39232,52.54901960784313,,,
66753720b9b047d0c3cc3090,2024-06-13T15:22:50.683Z,219,6131.75,-3,207,514.19,175,37.64736,27.5,20.39232,52.54901960784313,,,
66753720b9b047d0c3cc3091,2024-06-13T15:22:50.705Z,219,6131.75,-3,207,514.19,175,37.64736,27.5,20.39232,52.54901960784313,,,
66753720b9b047d0c3cc3092,2024-06-13T15:22:50.728Z,219,6131.75,-3,207,514.19,175,37.64736,27.5,20.39232,52.54901960784313,,,
66753720b9b047d0c3cc3093,2024-06-13T15:22:50.758Z,219,6131.75,-3,207,514.19,175,37.64736,27.5,20.39232,52.54901960784313,,,
66753720b9b047d0c3cc3094,2024-06-13T15:22:50.786Z,219,6131.75,-3,207,514.19,175,37.64736,27.5,20.39232,52.54901960784313,,,
66753720b9b047d0c3cc3095,2024-06-13T15:22:50.816Z,219,6131.75,-3,207,514.19,175,37.64736,27.5,20.39232,52.54901960784313,,,
66753720b9b047d0c3cc3096,2024-06-13T15:22:50.838Z,219,6131.75,-3,207,514.19,175,37.64736,27.5,20.39232,52.54901960784313,,,
66753720b9b047d0c3cc3097,2024-06-13T15:22:50.863Z,219,6131.75,-3,207,514.19,175,37.64736,27.5,20.39232,52.54901960784313,,,
66753720b9b047d0c3cc3098,2024-06-13T15:22:50.886Z,219,6131.75,-3,207,514.19,175,37.64736,27.5,20.39232,52.54901960784313,,,
66753720b9b047d0c3cc3099,2024-06-13T15:22:50.909Z,219,6131.75,-3,207,514.19,175,37.64736,27.5,20.39232,52.54901960784313,,,
66753720b9b047d0c3cc309a,2024-06-13T15:22:50.932Z,219,6131.75,-3,207,514.19,175,37.64736,27.5,20.39232,52.54901960784313,,,
66753721b9b047d0c3cc309b,2024-06-13T15:22:50.955Z,131,6139,-3,207,514.99,175,37.2552,27.5,20.39232,52.54901960784313,,,
66753721b9b047d0c3cc309c,2024-06-13T15:22:50.979Z,131,6139,-3,207,514.99,175,37.2552,27.5,20.39232,52.54901960784313,,,
66753721b9b047d0c3cc309d,2024-06-13T15:22:51.004Z,131,6139,-3,207,514.99,175,37.2552,27.5,20.39232,52.54901960784313,,,
66753721b9b047d0c3cc309e,2024-06-13T15:22:51.027Z,131,6139,-3,207,514.99,175,37.2552,27.5,20.39232,52.54901960784313,,,
66753721b9b047d0c3cc309f,2024-06-13T15:22:51.050Z,131,6139,-3,207,514.99,175,37.2552,27.5,20.39232,52.54901960784313,,,
66753721b9b047d0c3cc30a0,2024-06-13T15:22:51.073Z,131,6139,-3,207,514.99,175,37.2552,27.5,20.39232,52.54901960784313,,,
66753721b9b047d0c3cc30a1,2024-06-13T15:22:51.097Z,131,6139,-3,207,514.99,175,37.2552,27.5,20.39232,52.54901960784313,,,
66753721b9b047d0c3cc30a2,2024-06-13T15:22:51.120Z,131,6139,-3,207,514.99,175,37.2552,27.5,20.39232,52.54901960784313,,,
66753721b9b047d0c3cc30a3,2024-06-13T15:22:51.143Z,131,6139,-3,207,514.99,175,37.2552,27.5,20.39232,52.54901960784313,,,
66753721b9b047d0c3cc30a4,2024-06-13T15:22:51.166Z,131,6139,-3,207,514.99,175,37.2552,27.5,20.39232,52.54901960784313,,,
66753721b9b047d0c3cc30a5,2024-06-13T15:22:51.189Z,131,6139,-3,207,514.99,175,37.2552,27.5,20.39232,52.54901960784313,,,
66753721b9b047d0c3cc30a6,2024-06-13T15:22:51.212Z,131,6139,-3,207,514.99,175,37.2552,27.5,20.39232,52.54901960784313,,,
66753721b9b047d0c3cc30a7,2024-06-13T15:22:51.235Z,131,6139,-3,207,514.99,175,37.2552,27.5,20.39232,52.54901960784313,,,
66753721b9b047d0c3cc30a8,2024-06-13T15:22:51.257Z,131,6139,-3,207,514.99,175,37.2552,27.5,20.39232,52.54901960784313,,,
66753721b9b047d0c3cc30a9,2024-06-13T15:22:51.280Z,131,6139,-3,207,514.99,175,37.2552,27.5,20.39232,52.54901960784313,,,
66753721b9b047d0c3cc30aa,2024-06-13T15:22:51.303Z,131,6139,-3,207,514.67,175,37.64736,27.5,20.39232,52.54901960784313,,,
66753721b9b047d0c3cc30ab,2024-06-13T15:22:51.326Z,87,6131.75,-3,207,514.67,175,37.64736,27.5,20.39232,52.54901960784313,,,
66753721b9b047d0c3cc30ac,2024-06-13T15:22:51.349Z,87,6131.75,-3,207,514.67,175,37.64736,27.5,20.39232,52.54901960784313,,,
66753721b9b047d0c3cc30ad,2024-06-13T15:22:51.372Z,87,6131.75,-3,207,514.67,175,37.64736,27.5,20.39232,52.54901960784313,,,
66753722b9b047d0c3cc30ae,2024-06-13T15:22:51.395Z,87,6131.75,-3,207,514.67,175,37.64736,27.5,20.39232,52.54901960784313,,,
66753722b9b047d0c3cc30af,2024-06-13T15:22:51.419Z,87,6131.75,-3,207,514.67,175,37.64736,27.5,20.39232,52.54901960784313,,,
66753722b9b047d0c3cc30b0,2024-06-13T15:22:51.441Z,87,6131.75,-3,207,514.67,175,37.64736,27.5,20.39232,52.54901960784313,,,
66753722b9b047d0c3cc30b1,2024-06-13T15:22:51.464Z,87,6131.75,-3,207,514.67,175,37.64736,27.5,20.39232,52.54901960784313,,,
66753722b9b047d0c3cc30b2,2024-06-13T15:22:51.488Z,87,6131.75,-3,207,514.67,175,37.64736,27.5,20.39232,52.54901960784313,,,
66753722b9b047d0c3cc30b3,2024-06-13T15:22:51.511Z,87,6131.75,-3,207,514.67,175,37.64736,27.5,20.39232,52.54901960784313,,,
66753722b9b047d0c3cc30b4,2024-06-13T15:22:51.535Z,87,6131.75,-3,207,514.67,175,37.64736,27.5,20.39232,52.54901960784313,,,
66753722b9b047d0c3cc30b5,2024-06-13T15:22:51.559Z,87,6131.75,-3,207,514.67,175,37.64736,27.5,20.39232,52.54901960784313,,,
66753722b9b047d0c3cc30b6,2024-06-13T15:22:51.582Z,87,6131.75,-3,207,514.67,175,37.64736,27.5,20.39232,52.54901960784313,,,
66753722b9b047d0c3cc30b7,2024-06-13T15:22:51.604Z,87,6131.75,-3,207,514.67,175,37.64736,27.5,20.39232,52.54901960784313,,,
66753722b9b047d0c3cc30b8,2024-06-13T15:22:51.627Z,87,6131.75,-3,207,514.67,175,37.64736,27.5,20.39232,52.54901960784313,,,
66753722b9b047d0c3cc30b9,2024-06-13T15:22:51.650Z,87,6131.75,-3,207,514.67,175,37.64736,27.5,20.39232,52.54901960784313,,,
66753722b9b047d0c3cc30ba,2024-06-13T15:22:51.673Z,87,6131.75,-3,207,514.51,175,37.64736,27.5,20.00016,52.54901960784313,,,
66753722b9b047d0c3cc30bb,2024-06-13T15:22:51.697Z,196,6124.5,-3,207,514.51,175,37.64736,27.5,20.00016,52.54901960784313,,,
66753722b9b047d0c3cc30bc,2024-06-13T15:22:51.720Z,196,6124.5,-3,207,514.51,175,37.64736,27.5,20.00016,52.54901960784313,,,
66753722b9b047d0c3cc30bd,2024-06-13T15:22:51.743Z,196,6124.5,-3,207,514.51,175,37.64736,27.5,20.00016,52.54901960784313,,,
66753722b9b047d0c3cc30be,2024-06-13T15:22:51.765Z,196,6124.5,-3,207,514.51,175,37.64736,27.5,20.00016,52.54901960784313,,,
66753722b9b047d0c3cc30bf,2024-06-13T15:22:51.788Z,196,6124.5,-3,207,514.51,175,37.64736,27.5,20.00016,52.54901960784313,,,
66753723b9b047d0c3cc30c0,2024-06-13T15:22:51.811Z,196,6124.5,-3,207,514.51,175,37.64736,27.5,20.00016,52.54901960784313,,,
66753723b9b047d0c3cc30c1,2024-06-13T15:22:51.833Z,196,6124.5,-3,207,514.51,175,37.64736,27.5,20.00016,52.54901960784313,,,
66753723b9b047d0c3cc30c2,2024-06-13T15:22:51.855Z,196,6124.5,-3,207,514.51,175,37.64736,27.5,20.00016,52.54901960784313,,,
66753723b9b047d0c3cc30c3,2024-06-13T15:22:51.880Z,196,6124.5,-3,207,514.51,175,37.64736,27.5,20.00016,52.54901960784313,,,
66753723b9b047d0c3cc30c4,2024-06-13T15:22:51.903Z,196,6124.5,-3,207,514.51,175,37.64736,27.5,20.00016,52.54901960784313,,,
66753723b9b047d0c3cc30c5,2024-06-13T15:22:51.925Z,196,6124.5,-3,207,514.51,175,37.64736,27.5,20.00016,52.54901960784313,,,
66753723b9b047d0c3cc30c6,2024-06-13T15:22:51.949Z,196,6124.5,-3,207,514.51,175,37.64736,27.5,20.00016,52.54901960784313,,,
66753723b9b047d0c3cc30c7,2024-06-13T15:22:51.972Z,196,6124.5,-3,207,514.51,175,37.64736,27.5,20.00016,52.54901960784313,,,
66753723b9b047d0c3cc30c8,2024-06-13T15:22:51.995Z,196,6124.5,-3,207,514.51,175,37.64736,27.5,20.00016,52.54901960784313,,,
66753723b9b047d0c3cc30c9,2024-06-13T15:22:52.018Z,196,6124.5,-3,207,514.51,175,37.64736,27.5,20.00016,52.54901960784313,,,
66753723b9b047d0c3cc30ca,2024-06-13T15:22:52.041Z,196,6139,-3,207,514.51,175,37.2552,27.5,20.39232,52.54901960784313,,,
66753723b9b047d0c3cc30cb,2024-06-13T15:22:52.066Z,128,6139,-3,207,514.51,175,37.2552,27.5,20.39232,52.54901960784313,,,
66753723b9b047d0c3cc30cc,2024-06-13T15:22:52.089Z,128,6139,-3,207,514.51,175,37.2552,27.5,20.39232,52.54901960784313,,,
66753723b9b047d0c3cc30cd,2024-06-13T15:22:52.112Z,128,6139,-3,207,514.51,175,37.2552,27.5,20.39232,52.54901960784313,,,
66753723b9b047d0c3cc30ce,2024-06-13T15:22:52.135Z,128,6139,-3,207,514.51,175,37.2552,27.5,20.39232,52.54901960784313,,,
66753723b9b047d0c3cc30cf,2024-06-13T15:22:52.158Z,128,6139,-3,207,514.51,175,37.2552,27.5,20.39232,52.54901960784313,,,
66753723b9b047d0c3cc30d0,2024-06-13T15:22:52.182Z,128,6139,-3,207,514.51,175,37.2552,27.5,20.39232,52.54901960784313,,,
66753723b9b047d0c3cc30d1,2024-06-13T15:22:52.204Z,128,6139,-3,207,514.51,175,37.2552,27.5,20.39232,52.54901960784313,,,
66753723b9b047d0c3cc30d2,2024-06-13T15:22:52.226Z,128,6139,-3,207,514.51,175,37.2552,27.5,20.39232,52.54901960784313,,,
66753723b9b047d0c3cc30d3,2024-06-13T15:22:52.250Z,128,6139,-3,207,514.51,175,37.2552,27.5,20.39232,52.54901960784313,,,
66753724b9b047d0c3cc30d4,2024-06-13T15:22:52.273Z,128,6139,-3,207,514.51,175,37.2552,27.5,20.39232,52.54901960784313,,,
66753724b9b047d0c3cc30d5,2024-06-13T15:22:52.297Z,128,6139,-3,207,514.51,175,37.2552,27.5,20.39232,52.54901960784313,,,
66753724b9b047d0c3cc30d6,2024-06-13T15:22:52.320Z,128,6139,-3,207,514.51,175,37.2552,27.5,20.39232,52.54901960784313,,,
66753724b9b047d0c3cc30d7,2024-06-13T15:22:52.343Z,128,6139,-3,207,514.51,175,37.2552,27.5,20.39232,52.54901960784313,,,
66753724b9b047d0c3cc30d8,2024-06-13T15:22:52.365Z,128,6139,-3,207,514.51,175,37.2552,27.5,20.39232,52.54901960784313,,,
66753724b9b047d0c3cc30d9,2024-06-13T15:22:52.388Z,128,6139,-3,207,514.51,175,37.2552,27.5,20.39232,52.54901960784313,,,
66753724b9b047d0c3cc30da,2024-06-13T15:22:52.410Z,64,6124.5,-3,207,514.67,175,37.64736,27.5,20.39232,52.54901960784313,,,
66753724b9b047d0c3cc30db,2024-06-13T15:22:52.433Z,64,6124.5,-3,207,514.67,175,37.64736,27.5,20.39232,52.54901960784313,,,
66753724b9b047d0c3cc30dc,2024-06-13T15:22:52.457Z,64,6124.5,-3,207,514.67,175,37.64736,27.5,20.39232,52.54901960784313,,,
66753724b9b047d0c3cc30dd,2024-06-13T15:22:52.480Z,64,6124.5,-3,207,514.67,175,37.64736,27.5,20.39232,52.54901960784313,,,
66753724b9b047d0c3cc30de,2024-06-13T15:22:52.502Z,64,6124.5,-3,207,514.67,175,37.64736,27.5,20.39232,52.54901960784313,,,
66753724b9b047d0c3cc30df,2024-06-13T15:22:52.527Z,64,6124.5,-3,207,514.67,175,37.64736,27.5,20.39232,52.54901960784313,,,
66753724b9b047d0c3cc30e0,2024-06-13T15:22:52.550Z,64,6124.5,-3,207,514.67,175,37.64736,27.5,20.39232,52.54901960784313,,,
66753724b9b047d0c3cc30e1,2024-06-13T15:22:52.576Z,64,6124.5,-3,207,514.67,175,37.64736,27.5,20.39232,52.54901960784313,,,
66753724b9b047d0c3cc30e2,2024-06-13T15:22:52.602Z,64,6124.5,-3,207,514.67,175,37.64736,27.5,20.39232,52.54901960784313,,,
66753724b9b047d0c3cc30e3,2024-06-13T15:22:52.628Z,64,6124.5,-3,207,514.67,175,37.64736,27.5,20.39232,52.54901960784313,,,
66753724b9b047d0c3cc30e4,2024-06-13T15:22:52.651Z,64,6124.5,-3,207,514.67,175,37.64736,27.5,20.39232,52.54901960784313,,,
66753724b9b047d0c3cc30e5,2024-06-13T15:22:52.674Z,64,6124.5,-3,207,514.67,175,37.64736,27.5,20.39232,52.54901960784313,,,
66753724b9b047d0c3cc30e6,2024-06-13T15:22:52.696Z,64,6124.5,-3,207,514.67,175,37.64736,27.5,20.39232,52.54901960784313,,,
66753724b9b047d0c3cc30e7,2024-06-13T15:22:52.720Z,64,6124.5,-3,207,514.67,175,37.64736,27.5,20.39232,52.54901960784313,,,
66753725b9b047d0c3cc30e8,2024-06-13T15:22:52.745Z,64,6124.5,-3,207,514.67,175,37.64736,27.5,20.39232,52.54901960784313,,,
66753725b9b047d0c3cc30e9,2024-06-13T15:22:52.774Z,64,6134.25,-3,207,514.51,175,37.2552,27.5,20.00016,52.54901960784313,,,
66753725b9b047d0c3cc30ea,2024-06-13T15:22:52.802Z,184,6134.25,-3,207,514.51,175,37.2552,27.5,20.00016,52.54901960784313,,,
66753725b9b047d0c3cc30eb,2024-06-13T15:22:52.831Z,184,6134.25,-3,207,514.51,175,37.2552,27.5,20.00016,52.54901960784313,,,
66753725b9b047d0c3cc30ec,2024-06-13T15:22:52.854Z,184,6134.25,-3,207,514.51,175,37.2552,27.5,20.00016,52.54901960784313,,,
66753725b9b047d0c3cc30ed,2024-06-13T15:22:52.877Z,184,6134.25,-3,207,514.51,175,37.2552,27.5,20.00016,52.54901960784313,,,
66753725b9b047d0c3cc30ee,2024-06-13T15:22:52.900Z,184,6134.25,-3,207,514.51,175,37.2552,27.5,20.00016,52.54901960784313,,,
66753725b9b047d0c3cc30ef,2024-06-13T15:22:52.923Z,184,6134.25,-3,207,514.51,175,37.2552,27.5,20.00016,52.54901960784313,,,
66753725b9b047d0c3cc30f0,2024-06-13T15:22:52.945Z,184,6134.25,-3,207,514.51,175,37.2552,27.5,20.00016,52.54901960784313,,,
66753725b9b047d0c3cc30f1,2024-06-13T15:22:52.970Z,184,6134.25,-3,207,514.51,175,37.2552,27.5,20.00016,52.54901960784313,,,
66753725b9b047d0c3cc30f2,2024-06-13T15:22:52.993Z,184,6134.25,-3,207,514.51,175,37.2552,27.5,20.00016,52.54901960784313,,,
66753725b9b047d0c3cc30f3,2024-06-13T15:22:53.015Z,184,6134.25,-3,207,514.51,175,37.2552,27.5,20.00016,52.54901960784313,,,
66753725b9b047d0c3cc30f4,2024-06-13T15:22:53.039Z,184,6134.25,-3,207,514.51,175,37.2552,27.5,20.00016,52.54901960784313,,,
66753725b9b047d0c3cc30f5,2024-06-13T15:22:53.061Z,184,6134.25,-3,207,514.51,175,37.2552,27.5,20.00016,52.54901960784313,,,
66753725b9b047d0c3cc30f6,2024-06-13T15:22:53.084Z,184,6134.25,-3,207,514.51,175,37.2552,27.5,20.00016,52.54901960784313,,,
66753725b9b047d0c3cc30f7,2024-06-13T15:22:53.106Z,184,6134.25,-3,207,514.51,175,37.2552,27.5,20.00016,52.54901960784313,,,
66753725b9b047d0c3cc30f8,2024-06-13T15:22:53.132Z,184,6134.25,-3,207,514.35,175,37.64736,27.5,20.00016,52.54901960784313,,,
66753725b9b047d0c3cc30f9,2024-06-13T15:22:53.156Z,158,6129.25,-3,207,514.35,175,37.64736,27.5,20.00016,52.54901960784313,,,
66753726b9b047d0c3cc30fa,2024-06-13T15:22:53.179Z,158,6129.25,-3,207,514.35,175,37.64736,27.5,20.00016,52.54901960784313,,,
66753726b9b047d0c3cc30fb,2024-06-13T15:22:53.201Z,158,6129.25,-3,207,514.35,175,37.64736,27.5,20.00016,52.54901960784313,,,
66753726b9b047d0c3cc30fc,2024-06-13T15:22:53.224Z,158,6129.25,-3,207,514.35,175,37.64736,27.5,20.00016,52.54901960784313,,,
66753726b9b047d0c3cc30fd,2024-06-13T15:22:53.249Z,158,6129.25,-3,207,514.35,175,37.64736,27.5,20.00016,52.54901960784313,,,
66753726b9b047d0c3cc30fe,2024-06-13T15:22:53.272Z,158,6129.25,-3,207,514.35,175,37.64736,27.5,20.00016,52.54901960784313,,,
66753726b9b047d0c3cc30ff,2024-06-13T15:22:53.295Z,158,6129.25,-3,207,514.35,175,37.64736,27.5,20.00016,52.54901960784313,,,
66753726b9b047d0c3cc3100,2024-06-13T15:22:53.317Z,158,6129.25,-3,207,514.35,175,37.64736,27.5,20.00016,52.54901960784313,,,
66753726b9b047d0c3cc3101,2024-06-13T15:22:53.340Z,158,6129.25,-3,207,514.35,175,37.64736,27.5,20.00016,52.54901960784313,,,
66753726b9b047d0c3cc3102,2024-06-13T15:22:53.363Z,158,6129.25,-3,207,514.35,175,37.64736,27.5,20.00016,52.54901960784313,,,
66753726b9b047d0c3cc3103,2024-06-13T15:22:53.390Z,158,6129.25,-3,207,514.35,175,37.64736,27.5,20.00016,52.54901960784313,,,
66753726b9b047d0c3cc3104,2024-06-13T15:22:53.415Z,158,6129.25,-3,207,514.35,175,37.64736,27.5,20.00016,52.54901960784313,,,
66753726b9b047d0c3cc3105,2024-06-13T15:22:53.439Z,158,6129.25,-3,207,514.35,175,37.64736,27.5,20.00016,52.54901960784313,,,
66753726b9b047d0c3cc3106,2024-06-13T15:22:53.461Z,158,6129.25,-3,207,514.35,175,37.64736,27.5,20.00016,52.54901960784313,,,
66753726b9b047d0c3cc3107,2024-06-13T15:22:53.484Z,158,6129.25,-3,207,514.35,175,37.64736,27.5,20.39232,52.54901960784313,,,
66753726b9b047d0c3cc3108,2024-06-13T15:22:53.508Z,87,6134.25,-3,207,514.99,175,37.64736,27.5,20.39232,52.54901960784313,,,
66753726b9b047d0c3cc3109,2024-06-13T15:22:53.531Z,87,6134.25,-3,207,514.99,175,37.64736,27.5,20.39232,52.54901960784313,,,
66753726b9b047d0c3cc310a,2024-06-13T15:22:53.555Z,87,6134.25,-3,207,514.99,175,37.64736,27.5,20.39232,52.54901960784313,,,
66753726b9b047d0c3cc310b,2024-06-13T15:22:53.579Z,87,6134.25,-3,207,514.99,175,37.64736,27.5,20.39232,52.54901960784313,,,
66753727b9b047d0c3cc310c,2024-06-13T15:22:53.602Z,87,6134.25,-3,207,514.99,175,37.64736,27.5,20.39232,52.54901960784313,,,
66753727b9b047d0c3cc310d,2024-06-13T15:22:53.625Z,87,6134.25,-3,207,514.99,175,37.64736,27.5,20.39232,52.54901960784313,,,
66753727b9b047d0c3cc310e,2024-06-13T15:22:53.648Z,87,6134.25,-3,207,514.99,175,37.64736,27.5,20.39232,52.54901960784313,,,
66753727b9b047d0c3cc310f,2024-06-13T15:22:53.672Z,87,6134.25,-3,207,514.99,175,37.64736,27.5,20.39232,52.54901960784313,,,
66753727b9b047d0c3cc3110,2024-06-13T15:22:53.696Z,87,6134.25,-3,207,514.99,175,37.64736,27.5,20.39232,52.54901960784313,,,
66753727b9b047d0c3cc3111,2024-06-13T15:22:53.719Z,87,6134.25,-3,207,514.99,175,37.64736,27.5,20.39232,52.54901960784313,,,
66753727b9b047d0c3cc3112,2024-06-13T15:22:53.741Z,87,6134.25,-3,207,514.99,175,37.64736,27.5,20.39232,52.54901960784313,,,
66753727b9b047d0c3cc3113,2024-06-13T15:22:53.764Z,87,6134.25,-3,207,514.99,175,37.64736,27.5,20.39232,52.54901960784313,,,
66753727b9b047d0c3cc3114,2024-06-13T15:22:53.786Z,87,6134.25,-3,207,514.99,175,37.64736,27.5,20.39232,52.54901960784313,,,
66753727b9b047d0c3cc3115,2024-06-13T15:22:53.810Z,87,6134.25,-3,207,514.99,175,37.64736,27.5,20.39232,52.54901960784313,,,
66753727b9b047d0c3cc3116,2024-06-13T15:22:53.835Z,87,6134.25,-3,207,514.99,175,37.64736,27.5,20.39232,52.54901960784313,,,
66753727b9b047d0c3cc3117,2024-06-13T15:22:53.859Z,87,6131.75,-3,207,515.15,175,37.64736,27.5,20.39232,52.54901960784313,,,
66753727b9b047d0c3cc3118,2024-06-13T15:22:53.882Z,201,6131.75,-3,207,515.15,175,37.64736,27.5,20.39232,52.54901960784313,,,
66753727b9b047d0c3cc3119,2024-06-13T15:22:53.905Z,201,6131.75,-3,207,515.15,175,37.64736,27.5,20.39232,52.54901960784313,,,
66753728b9b047d0c3cc311a,2024-06-13T15:22:53.930Z,201,6131.75,-3,207,515.15,175,37.64736,27.5,20.39232,52.54901960784313,,,
66753728b9b047d0c3cc311b,2024-06-13T15:22:53.953Z,201,6131.75,-3,207,515.15,175,37.64736,27.5,20.39232,52.54901960784313,,,
66753728b9b047d0c3cc311c,2024-06-13T15:22:53.976Z,201,6131.75,-3,207,515.15,175,37.64736,27.5,20.39232,52.54901960784313,,,
66753728b9b047d0c3cc311d,2024-06-13T15:22:53.999Z,201,6131.75,-3,207,515.15,175,37.64736,27.5,20.39232,52.54901960784313,,,
66753728b9b047d0c3cc311e,2024-06-13T15:22:54.021Z,201,6131.75,-3,207,515.15,175,37.64736,27.5,20.39232,52.54901960784313,,,
66753728b9b047d0c3cc311f,2024-06-13T15:22:54.043Z,201,6131.75,-3,207,515.15,175,37.64736,27.5,20.39232,52.54901960784313,,,
66753728b9b047d0c3cc3120,2024-06-13T15:22:54.066Z,201,6131.75,-3,207,515.15,175,37.64736,27.5,20.39232,52.54901960784313,,,
66753728b9b047d0c3cc3121,2024-06-13T15:22:54.088Z,201,6131.75,-3,207,515.15,175,37.64736,27.5,20.39232,52.54901960784313,,,
66753728b9b047d0c3cc3122,2024-06-13T15:22:54.112Z,201,6131.75,-3,207,515.15,175,37.64736,27.5,20.39232,52.54901960784313,,,
66753728b9b047d0c3cc3123,2024-06-13T15:22:54.135Z,201,6131.75,-3,207,515.15,175,37.64736,27.5,20.39232,52.54901960784313,,,
66753728b9b047d0c3cc3124,2024-06-13T15:22:54.158Z,201,6131.75,-3,207,515.15,175,37.64736,27.5,20.39232,52.54901960784313,,,
66753728b9b047d0c3cc3125,2024-06-13T15:22:54.181Z,201,6131.75,-3,207,515.15,175,37.64736,27.5,20.39232,52.54901960784313,,,
66753728b9b047d0c3cc3126,2024-06-13T15:22:54.205Z,201,6131.75,-3,207,515.15,175,37.64736,27.5,20.39232,52.54901960784313,,,
66753728b9b047d0c3cc3127,2024-06-13T15:22:54.228Z,165,6136.75,-3,207,514.83,175,37.64736,27.5,20.00016,52.54901960784313,,,
66753728b9b047d0c3cc3128,2024-06-13T15:22:54.251Z,165,6136.75,-3,207,514.83,175,37.64736,27.5,20.00016,52.54901960784313,,,
66753728b9b047d0c3cc3129,2024-06-13T15:22:54.273Z,165,6136.75,-3,207,514.83,175,37.64736,27.5,20.00016,52.54901960784313,,,
66753728b9b047d0c3cc312a,2024-06-13T15:22:54.296Z,165,6136.75,-3,207,514.83,175,37.64736,27.5,20.00016,52.54901960784313,,,
66753728b9b047d0c3cc312b,2024-06-13T15:22:54.318Z,165,6136.75,-3,207,514.83,175,37.64736,27.5,20.00016,52.54901960784313,,,
66753728b9b047d0c3cc312c,2024-06-13T15:22:54.342Z,165,6136.75,-3,207,514.83,175,37.64736,27.5,20.00016,52.54901960784313,,,
66753729b9b047d0c3cc312d,2024-06-13T15:22:54.365Z,165,6136.75,-3,207,514.83,175,37.64736,27.5,20.00016,52.54901960784313,,,
66753729b9b047d0c3cc312e,2024-06-13T15:22:54.383Z,165,6136.75,-3,207,514.83,175,37.64736,27.5,,,,,
